dataset,instances,variables,clusters,speedup_test_runs,avg_speedup,slow_speedup,fast_speedup,avg_cpu,slow_cpu,fast_cpu,avg_gpu,slow_gpu,fast_gpu,speedup_test_runs,avg_precision_percent_improvement,avg_precision_percent_cpu,avg_precision_percent_gpu,avg_hits_cpu,avg_hits_gpu
01 _Rice,3810,7,2,100,4.37569673277976,3.89198949870693,4.02950710022638,0.0791869425773621,0.14208722114563,0.0373446941375732,0.0180969905853271,0.0365076065063477,0.00926780700683594,100,-0.342519685039377,91.3845144356955,91.0419947506562,3481.75,3468.7
02_HTRU2,17898,8,2,100,5.11529700496406,5.22771128330231,5.08477577081725,0.339424896240234,0.556389331817627,0.193094730377197,0.0663548755645752,0.106430768966675,0.0379750728607178,100,0.000111744328961549,91.7587998659068,91.7589116102358,16422.99,16423.01
03_MiniBooNE,129596,50,2,100,5.3495784429971,5.47679177457717,4.9044324548254,9.89290880203247,14.5664567947388,5.00160193443298,1.84928754806519,2.65966963768005,1.01981258392334,50,0.0166980462359945,50.8036050495386,50.8203030957746,65839.44,65861.08
04_WESAD,4588552,8,3,20,4.80634315581365,5.14082674610968,7.35060287922077,116.57449887991,275.240432500839,70.0552637577057,24.2543020963669,53.5401105880737,9.53054666519165,4,-1.69226588257035,65.3696634581018,63.6773975755315,2999521,2921870.5
05_HHAR,13932632,3,7,10,2.67368285831452,2.63376338129178,2.72465934512735,1502.2740752697,1513.38152480125,1453.65713238716,561.874446177483,574.608006000519,533.518854379654,0,N/A,N/A,N/A,N/A,N/A
