dataset,instances,variables,clusters,speedup_test_runs,avg_speedup,slow_speedup,fast_speedup,avg_cpu,slow_cpu,fast_cpu,avg_gpu,slow_gpu,fast_gpu,precision_test_runs,avg_precision_percent_improvement,avg_precision_percent_cpu,avg_precision_percent_gpu,avg_hits_cpu,avg_hits_gpu
01_Rice,3810,7,2,100,9.22205857113993,11.5693845979468,8.06535635859957,0.0799809779099451,0.147977508000622,0.0446672339967336,0.00867279006015451,0.0127904390028561,0.00553816000319785,100,tba,tba,tba,tba,tba
02_HTRU2,17898,8,2,100,17.3535208668243,16.1431520377999,18.6247189557436,0.332669183819962,0.541484809000394,0.153451220001443,0.0191701261301932,0.0335426940000616,0.00823911600309657,100,tba,tba,tba,tba,tba
03_MiniBooNE,129596,50,2,100,13.7404206007927,13.868309462447,13.7911144007401,9.60211397675957,14.2536751809967,5.41839364000043,0.698822420050637,1.02778750500147,0.392890196002554,50,tba,tba,tba,tba,tba
04_WESAD,4588552,8,3,20,42.4035206686596,37.3907460511988,50.6755914373945,141.79088416875,245.561481022,85.2694199960024,3.34384697149799,6.56743999399623,1.68265268499817,4,tba,tba,tba,tba,tba
05_HHAR,13932632,3,7,10,40.6779587540094,39.1422044159792,46.9666401866792,1500.6155308113,1510.71542839501,1475.30980059299,36.8901384625991,38.5955633039994,31.4118658419902,1,tba,tba,tba,tba,tba
