avg_cpu,slow_cpu,fast_cpu,avg_gpu,slow_gpu,fast_gpu,dataset,instances,variables,clusters
0.07918694257736206,0.14208722114562988,0.03734469413757324,0.018096990585327148,0.036507606506347656,0.009267807006835938,01 _Rice,3810,7,2
0.33942489624023436,0.556389331817627,0.19309473037719727,0.0663548755645752,0.1064307689666748,0.03797507286071777,02_HTRU2,17898,8,2
9.892908802032471,14.56645679473877,5.001601934432983,1.8492875480651856,2.6596696376800537,1.0198125839233398,03_MiniBooNE,129596,50,2
116.57449887990951,275.24043250083923,70.05526375770569,24.25430209636688,53.54011058807373,9.53054666519165,04_WESAD,4588552,8,3
1502.274075269699,1513.3815248012543,1453.6571323871613,561.8744461774826,574.6080060005188,533.5188543796539,05_HHAR,13932632,3,6
