Dataset,instances (N),precision_test_runs,avg_precision_percent_improvement,avg_precision_percent_cpu,avg_precision_percent_gpu,avg_hits_cpu,avg_hits_gpu
Rice,3810,100,+0.00372180,0.91043307,0.91382152,3468.75,3481.66
HTRU2,17898,100,+0.00000061,0.91758856,0.91758912,16423.00,16423.01
MiniBooNE,129596,50,+0.00048967,0.50803991,0.50828868,65839.94,65872.18
WESAD,4588552,5,+0.02293257,0.63557650,0.65015190,2916375.80,2983255.80
HHAR,13932632,2,-0.00002485,0.28310437,0.28309734,3944389.00,3944291.00
