avg_cpu,slow_cpu,fast_cpu,avg_gpu,slow_gpu,fast_gpu,dataset,instances,variables,clusters
0.0783490701516469,0.173001527786255,0.0116651058197021,0.0220613725185394,0.129265308380127,0.00509524345397949,01 _Rice,3810,7,2
0.342113250732422,0.638932943344116,0.0388815402984619,0.070845402598381,0.153069972991943,0.0243608951568604,02_HTRU2,17898,8,2
9.6822127866745,18.404750585556,3.83858442306519,2.1998203599453,3.6329927444458,0.817979574203491,03_MiniBooNE,129596,50,2
125.22373925209,255.440688371658,63.6164317131043,34.1662287569046,59.4551668167114,18.6853573322296,04_WESAD,4588552,8,3
1474.81430373192,1900.16790747643,1066.27034568787,599.055195951462,877.015290021896,418.759926080704,05_HHAR,13932632,3,6
