dataset,instances,variables,clusters,speedup_test_runs,avg_speedup,slow_speedup,fast_speedup,avg_cpu,slow_cpu,fast_cpu,avg_gpu,slow_gpu,fast_gpu,precision_test_runs,avg_precision_percent_improvement,avg_precision_percent_cpu,avg_precision_percent_gpu,avg_hits_cpu,avg_hits_gpu
01_Rice,3810,7,2,100,9.22205857113993,11.5693845979468,8.06535635859957,0.0799809779099451,0.147977508000622,0.0446672339967336,0.00867279006015451,0.0127904390028561,0.00553816000319785,100,0.00372180180180171,0.910433070866142,0.913821522309711,3468.75,3481.66
02_HTRU2,17898,8,2,100,17.3535208668243,16.1431520377999,18.6247189557436,0.332669183819962,0.541484809000394,0.153451220001443,0.0191701261301932,0.0335426940000616,0.00823911600309657,100,0.000000608902149368262,0.917588557380713,0.917589116102358,16423,16423.01
03_MiniBooNE,129596,50,2,100,13.7404206007927,13.868309462447,13.7911144007401,9.60211397675957,14.2536751809967,5.41839364000043,0.698822420050637,1.02778750500147,0.392890196002554,50,0.000489672378194417,0.508039908639156,0.508288681749437,65839.94,65872.18
04_WESAD,4588552,8,3,20,42.4035206686597,37.3907460511989,50.6755914373947,141.79088416875,245.561481022,85.2694199960024,3.34384697149799,6.56743999399623,1.68265268499817,5,0.0229325726814769,0.635576495591638,0.650151899771431,2916375.8,2983255.8
05_HHAR,13932632,3,7,10,40.6779587540094,39.1422044159792,46.9666401866791,1500.6155308113,1510.71542839501,1475.30980059299,36.8901384625991,38.5955633039994,31.4118658419902,2,-0.0000248454196580816,0.283104369655353,0.283097335808482,3944389,3944291
